
{
  "__inputs": [
    {
      "name": "DS_PROMETHEUS1",
      "label": "Prometheus1",
      "description": "",
      "type": "datasource",
      "pluginId": "prometheus",
      "pluginName": "Prometheus"
    }
  ],
  "__requires": [
    {
      "type": "grafana",
      "id": "grafana",
      "name": "Grafana",
      "version": "4.4.0-pre1"
    },
    {
      "type": "panel",
      "id": "graph",
      "name": "Graph",
      "version": ""
    },
    {
      "type": "datasource",
      "id": "prometheus",
      "name": "Prometheus",
      "version": "1.0.0"
    },
    {
      "type": "panel",
      "id": "singlestat",
      "name": "Singlestat",
      "version": ""
    },
    {
      "type": "panel",
      "id": "table",
      "name": "Table",
      "version": ""
    }
  ],
  "annotations": {
    "list": []
  },
  "editable": true,
  "gnetId": null,
  "graphTooltip": 1,
  "hideControls": false,
  "id": null,
  "links": [
    {
      "icon": "external link",
      "includeVars": true,
      "keepTime": true,
      "tags": [
        "RLEC"
      ],
      "targetBlank": true,
      "type": "dashboards"
    }
  ],
  "refresh": false,
  "rows": [
    {
      "collapse": false,
      "height": 137,
      "panels": [
        {
          "cacheTimeout": null,
          "colorBackground": false,
          "colorValue": false,
          "colors": [
            "rgba(245, 54, 54, 0.9)",
            "rgba(237, 129, 40, 0.89)",
            "rgba(50, 172, 45, 0.97)"
          ],
          "datasource": "${DS_PROMETHEUS1}",
          "editable": true,
          "error": false,
          "format": "none",
          "gauge": {
            "maxValue": 100,
            "minValue": 0,
            "show": false,
            "thresholdLabels": false,
            "thresholdMarkers": true
          },
          "id": 1,
          "interval": null,
          "links": [],
          "mappingType": 1,
          "mappingTypes": [
            {
              "name": "value to text",
              "value": 1
            },
            {
              "name": "range to text",
              "value": 2
            }
          ],
          "maxDataPoints": 100,
          "nullPointMode": "connected",
          "nullText": null,
          "postfix": "",
          "postfixFontSize": "50%",
          "prefix": "",
          "prefixFontSize": "50%",
          "rangeMaps": [
            {
              "from": "null",
              "text": "N/A",
              "to": "null"
            }
          ],
          "span": 3,
          "sparkline": {
            "fillColor": "rgba(31, 118, 189, 0.18)",
            "full": false,
            "lineColor": "rgb(31, 120, 193)",
            "show": false
          },
          "tableColumn": "",
          "targets": [
            {
              "expr": "count (bdb_conns{cluster=\"$cluster\"})",
              "format": "time_series",
              "interval": "",
              "intervalFactor": 1,
              "legendFormat": "",
              "metric": "bdb",
              "refId": "A",
              "step": 7200
            }
          ],
          "thresholds": "",
          "timeFrom": null,
          "timeShift": null,
          "title": "# BDBs",
          "transparent": false,
          "type": "singlestat",
          "valueFontSize": "80%",
          "valueMaps": [
            {
              "op": "=",
              "text": "N/A",
              "value": "null"
            }
          ],
          "valueName": "current"
        },
        {
          "cacheTimeout": null,
          "colorBackground": false,
          "colorValue": false,
          "colors": [
            "rgba(245, 54, 54, 0.9)",
            "rgba(237, 129, 40, 0.89)",
            "rgba(50, 172, 45, 0.97)"
          ],
          "datasource": "${DS_PROMETHEUS1}",
          "editable": true,
          "error": false,
          "format": "none",
          "gauge": {
            "maxValue": 100,
            "minValue": 0,
            "show": false,
            "thresholdLabels": false,
            "thresholdMarkers": true
          },
          "id": 3,
          "interval": null,
          "links": [],
          "mappingType": 1,
          "mappingTypes": [
            {
              "name": "value to text",
              "value": 1
            },
            {
              "name": "range to text",
              "value": 2
            }
          ],
          "maxDataPoints": 100,
          "nullPointMode": "connected",
          "nullText": null,
          "postfix": "",
          "postfixFontSize": "50%",
          "prefix": "",
          "prefixFontSize": "50%",
          "rangeMaps": [
            {
              "from": "null",
              "text": "N/A",
              "to": "null"
            }
          ],
          "span": 3,
          "sparkline": {
            "fillColor": "rgba(31, 118, 189, 0.18)",
            "full": false,
            "lineColor": "rgb(31, 120, 193)",
            "show": false
          },
          "tableColumn": "",
          "targets": [
            {
              "expr": "count(redis_connected_clients{cluster=\"$cluster\"})",
              "format": "time_series",
              "intervalFactor": 2,
              "legendFormat": "",
              "refId": "A",
              "step": 14400
            }
          ],
          "thresholds": "",
          "title": "Shards",
          "type": "singlestat",
          "valueFontSize": "80%",
          "valueMaps": [
            {
              "op": "=",
              "text": "N/A",
              "value": "null"
            }
          ],
          "valueName": "current"
        },
        {
          "cacheTimeout": null,
          "colorBackground": false,
          "colorValue": false,
          "colors": [
            "rgba(245, 54, 54, 0.9)",
            "rgba(237, 129, 40, 0.89)",
            "rgba(50, 172, 45, 0.97)"
          ],
          "datasource": "${DS_PROMETHEUS1}",
          "editable": true,
          "error": false,
          "format": "none",
          "gauge": {
            "maxValue": 100,
            "minValue": 0,
            "show": false,
            "thresholdLabels": false,
            "thresholdMarkers": true
          },
          "id": 5,
          "interval": null,
          "links": [],
          "mappingType": 1,
          "mappingTypes": [
            {
              "name": "value to text",
              "value": 1
            },
            {
              "name": "range to text",
              "value": 2
            }
          ],
          "maxDataPoints": 100,
          "nullPointMode": "connected",
          "nullText": null,
          "postfix": "",
          "postfixFontSize": "50%",
          "prefix": "",
          "prefixFontSize": "50%",
          "rangeMaps": [
            {
              "from": "null",
              "text": "N/A",
              "to": "null"
            }
          ],
          "span": 3,
          "sparkline": {
            "fillColor": "rgba(31, 118, 189, 0.18)",
            "full": false,
            "lineColor": "rgb(31, 120, 193)",
            "show": false
          },
          "tableColumn": "",
          "targets": [
            {
              "expr": "count(node_up{cluster=\"$cluster\"})",
              "format": "time_series",
              "intervalFactor": 2,
              "legendFormat": "",
              "refId": "A",
              "step": 14400
            }
          ],
          "thresholds": "",
          "title": "# Nodes",
          "type": "singlestat",
          "valueFontSize": "80%",
          "valueMaps": [
            {
              "op": "=",
              "text": "N/A",
              "value": "null"
            }
          ],
          "valueName": "current"
        },
        {
          "cacheTimeout": null,
          "colorBackground": false,
          "colorValue": true,
          "colors": [
            "rgba(247, 43, 43, 0.9)",
            "rgba(237, 129, 40, 0.89)",
            "rgba(50, 172, 45, 0.97)"
          ],
          "datasource": "${DS_PROMETHEUS1}",
          "editable": true,
          "error": false,
          "format": "short",
          "gauge": {
            "maxValue": 100,
            "minValue": 0,
            "show": false,
            "thresholdLabels": false,
            "thresholdMarkers": true
          },
          "id": 14,
          "interval": null,
          "links": [
            {
              "dashUri": "db/alerts",
              "dashboard": "Alerts",
              "includeVars": true,
              "keepTime": true,
              "targetBlank": true,
              "title": "Alerts",
              "type": "dashboard"
            }
          ],
          "mappingType": 1,
          "mappingTypes": [
            {
              "name": "value to text",
              "value": 1
            },
            {
              "name": "range to text",
              "value": 2
            }
          ],
          "maxDataPoints": 100,
          "nullPointMode": "connected",
          "nullText": null,
          "postfix": "",
          "postfixFontSize": "50%",
          "prefix": "",
          "prefixFontSize": "50%",
          "rangeMaps": [
            {
              "from": "null",
              "text": "N/A",
              "to": "null"
            }
          ],
          "span": 3,
          "sparkline": {
            "fillColor": "rgba(31, 118, 189, 0.18)",
            "full": false,
            "lineColor": "rgb(31, 120, 193)",
            "show": true
          },
          "tableColumn": "",
          "targets": [
            {
              "expr": "count(ALERTS{cluster=\"$cluster\", alertstate=\"firing\"})",
              "format": "time_series",
              "intervalFactor": 2,
              "legendFormat": "",
              "refId": "A",
              "step": 14400
            }
          ],
          "thresholds": "0:1",
          "title": "Number of active Alerts",
          "type": "singlestat",
          "valueFontSize": "80%",
          "valueMaps": [
            {
              "op": "=",
              "text": "N/A",
              "value": "null"
            },
            {
              "op": "=",
              "text": "None",
              "value": "0"
            }
          ],
          "valueName": "current"
        }
      ],
      "repeat": null,
      "repeatIteration": null,
      "repeatRowId": null,
      "showTitle": false,
      "title": "Dashboard Row",
      "titleSize": "h6"
    },
    {
      "collapse": false,
      "height": 277,
      "panels": [
        {
          "aliasColors": {},
          "bars": false,
          "dashLength": 10,
          "dashes": false,
          "datasource": "${DS_PROMETHEUS1}",
          "editable": true,
          "error": false,
          "fill": 3,
          "id": 2,
          "legend": {
            "alignAsTable": true,
            "avg": false,
            "current": true,
            "max": true,
            "min": true,
            "show": true,
            "total": false,
            "values": true
          },
          "lines": true,
          "linewidth": 1,
          "links": [],
          "nullPointMode": "connected",
          "percentage": false,
          "pointradius": 5,
          "points": false,
          "renderer": "flot",
          "seriesOverrides": [
            {
              "alias": "Total Available",
              "fill": 0,
              "yaxis": 2
            },
            {
              "alias": "Total Provisional (No Overbooking)",
              "fill": 0,
              "yaxis": 2
            },
            {
              "alias": "Total Provisional",
              "fill": 0,
              "yaxis": 2
            }
          ],
          "spaceLength": 10,
          "span": 6,
          "stack": false,
          "steppedLine": false,
          "targets": [
            {
              "expr": "sum(redis_used_memory{cluster=\"$cluster\"})",
              "format": "time_series",
              "intervalFactor": 2,
              "legendFormat": "Total Used",
              "refId": "A",
              "step": 1200
            },
            {
              "expr": "sum(node_available_memory{cluster=\"$cluster\"})",
              "format": "time_series",
              "intervalFactor": 2,
              "legendFormat": "Total Available",
              "metric": "",
              "refId": "B",
              "step": 1200
            },
            {
              "expr": "sum(node_provisional_memory{cluster=\"$cluster\"})",
              "format": "time_series",
              "intervalFactor": 2,
              "legendFormat": "Total Provisional",
              "refId": "D",
              "step": 1200
            },
            {
              "expr": "sum(node_provisional_memory_no_overbooking{cluster=\"$cluster\"})",
              "format": "time_series",
              "intervalFactor": 2,
              "legendFormat": "Total Provisional (No Overbooking)",
              "metric": "",
              "refId": "C",
              "step": 1200
            }
          ],
          "thresholds": [],
          "timeFrom": null,
          "timeShift": null,
          "title": "Used Memory",
          "tooltip": {
            "msResolution": false,
            "shared": true,
            "sort": 0,
            "value_type": "individual"
          },
          "type": "graph",
          "xaxis": {
            "buckets": null,
            "mode": "time",
            "name": null,
            "show": true,
            "values": []
          },
          "yaxes": [
            {
              "format": "decbytes",
              "label": null,
              "logBase": 1,
              "max": null,
              "min": null,
              "show": true
            },
            {
              "format": "bytes",
              "label": "",
              "logBase": 1,
              "max": null,
              "min": "0",
              "show": true
            }
          ]
        },
        {
          "aliasColors": {},
          "bars": true,
          "dashLength": 10,
          "dashes": false,
          "datasource": "${DS_PROMETHEUS1}",
          "editable": true,
          "error": false,
          "fill": 1,
          "id": 10,
          "legend": {
            "alignAsTable": true,
            "avg": false,
            "current": false,
            "hideEmpty": true,
            "hideZero": true,
            "max": true,
            "min": false,
            "rightSide": false,
            "show": true,
            "sort": "max",
            "sortDesc": true,
            "total": false,
            "values": true
          },
          "lines": false,
          "linewidth": 1,
          "links": [],
          "nullPointMode": "null",
          "percentage": false,
          "pointradius": 5,
          "points": false,
          "renderer": "flot",
          "seriesOverrides": [],
          "spaceLength": 10,
          "span": 6,
          "stack": false,
          "steppedLine": false,
          "targets": [
            {
              "expr": "sum(delta(bdb_used_memory{cluster=\"$cluster\"}[1m])) by (bdb) > 100 * 1024*1024",
              "format": "time_series",
              "interval": "1m",
              "intervalFactor": 2,
              "legendFormat": "BDB #{{bdb}}",
              "refId": "A",
              "step": 600
            }
          ],
          "thresholds": [],
          "timeFrom": null,
          "timeShift": null,
          "title": "Grow over 1min (Over 100MiB)",
          "tooltip": {
            "msResolution": false,
            "shared": true,
            "sort": 1,
            "value_type": "individual"
          },
          "type": "graph",
          "xaxis": {
            "buckets": null,
            "mode": "time",
            "name": null,
            "show": true,
            "values": []
          },
          "yaxes": [
            {
              "format": "decbytes",
              "label": null,
              "logBase": 1,
              "max": null,
              "min": null,
              "show": true
            },
            {
              "format": "short",
              "label": null,
              "logBase": 1,
              "max": null,
              "min": null,
              "show": true
            }
          ]
        }
      ],
      "repeat": null,
      "repeatIteration": null,
      "repeatRowId": null,
      "showTitle": false,
      "title": "Dashboard Row",
      "titleSize": "h6"
    },
    {
      "collapse": false,
      "height": 280,
      "panels": [
        {
          "aliasColors": {},
          "bars": false,
          "dashLength": 10,
          "dashes": false,
          "datasource": "${DS_PROMETHEUS1}",
          "editable": true,
          "error": false,
          "fill": 1,
          "id": 4,
          "legend": {
            "alignAsTable": true,
            "avg": true,
            "current": true,
            "hideEmpty": true,
            "hideZero": false,
            "max": true,
            "min": true,
            "rightSide": false,
            "show": true,
            "sort": "current",
            "sortDesc": true,
            "total": false,
            "values": true
          },
          "lines": true,
          "linewidth": 1,
          "links": [],
          "nullPointMode": "null as zero",
          "percentage": false,
          "pointradius": 5,
          "points": false,
          "renderer": "flot",
          "seriesOverrides": [
            {}
          ],
          "spaceLength": 10,
          "span": 12,
          "stack": false,
          "steppedLine": false,
          "targets": [
            {
              "expr": "topk(10, sum(bdb_total_req{cluster=\"$cluster\"}) by (bdb) > 0)",
              "format": "time_series",
              "intervalFactor": 2,
              "legendFormat": "#{{bdb}}",
              "metric": "",
              "refId": "A",
              "step": 600
            }
          ],
          "thresholds": [],
          "timeFrom": null,
          "timeShift": null,
          "title": "Top 10 Requests by BDB",
          "tooltip": {
            "msResolution": false,
            "shared": false,
            "sort": 0,
            "value_type": "individual"
          },
          "type": "graph",
          "xaxis": {
            "buckets": null,
            "mode": "time",
            "name": null,
            "show": true,
            "values": []
          },
          "yaxes": [
            {
              "format": "ops",
              "label": null,
              "logBase": 1,
              "max": null,
              "min": "0",
              "show": true
            },
            {
              "format": "short",
              "label": null,
              "logBase": 1,
              "max": null,
              "min": null,
              "show": true
            }
          ]
        }
      ],
      "repeat": null,
      "repeatIteration": null,
      "repeatRowId": null,
      "showTitle": false,
      "title": "Dashboard Row",
      "titleSize": "h6"
    },
    {
      "collapse": false,
      "height": 250,
      "panels": [
        {
          "aliasColors": {},
          "bars": false,
          "dashLength": 10,
          "dashes": false,
          "datasource": "${DS_PROMETHEUS1}",
          "editable": true,
          "error": false,
          "fill": 1,
          "id": 6,
          "legend": {
            "avg": false,
            "current": false,
            "max": true,
            "min": true,
            "show": false,
            "total": false,
            "values": true
          },
          "lines": true,
          "linewidth": 1,
          "links": [],
          "nullPointMode": "connected",
          "percentage": false,
          "pointradius": 5,
          "points": false,
          "renderer": "flot",
          "repeat": "node",
          "seriesOverrides": [
            {}
          ],
          "spaceLength": 10,
          "span": 12,
          "stack": false,
          "steppedLine": false,
          "targets": [
            {
              "expr": "100 - node_cpu_idle{cluster=\"$cluster\", node=\"$node\"}*100",
              "intervalFactor": 2,
              "legendFormat": "",
              "refId": "A",
              "step": 600
            }
          ],
          "thresholds": [],
          "timeFrom": null,
          "timeShift": null,
          "title": "CPU Usage for node $node",
          "tooltip": {
            "msResolution": false,
            "shared": false,
            "sort": 0,
            "value_type": "individual"
          },
          "type": "graph",
          "xaxis": {
            "buckets": null,
            "mode": "time",
            "name": null,
            "show": true,
            "values": [
              "total"
            ]
          },
          "yaxes": [
            {
              "format": "percent",
              "label": "",
              "logBase": 1,
              "max": "100",
              "min": "0",
              "show": true
            },
            {
              "format": "short",
              "label": null,
              "logBase": 1,
              "max": null,
              "min": null,
              "show": false
            }
          ]
        }
      ],
      "repeat": null,
      "repeatIteration": null,
      "repeatRowId": null,
      "showTitle": false,
      "title": "Dashboard Row",
      "titleSize": "h6"
    },
    {
      "collapse": false,
      "height": 250,
      "panels": [
        {
          "aliasColors": {},
          "bars": false,
          "dashLength": 10,
          "dashes": false,
          "datasource": "${DS_PROMETHEUS1}",
          "fill": 1,
          "id": 15,
          "legend": {
            "alignAsTable": true,
            "avg": true,
            "current": true,
            "max": false,
            "min": true,
            "show": true,
            "sort": "current",
            "sortDesc": true,
            "total": false,
            "values": true
          },
          "lines": true,
          "linewidth": 1,
          "links": [],
          "nullPointMode": "null as zero",
          "percentage": false,
          "pointradius": 5,
          "points": false,
          "renderer": "flot",
          "seriesOverrides": [],
          "spaceLength": 10,
          "span": 12,
          "stack": false,
          "steppedLine": false,
          "targets": [
            {
              "expr": "topk(10, listener_total_req{cluster=\"$cluster\"})",
              "format": "time_series",
              "intervalFactor": 2,
              "legendFormat": "listener {{proxy}} for bdb {{bdb}}",
              "refId": "A",
              "step": 600
            }
          ],
          "thresholds": [],
          "timeFrom": null,
          "timeShift": null,
          "title": "Top 10 Requests Per Listener",
          "tooltip": {
            "shared": true,
            "sort": 2,
            "value_type": "individual"
          },
          "type": "graph",
          "xaxis": {
            "buckets": null,
            "mode": "time",
            "name": null,
            "show": true,
            "values": []
          },
          "yaxes": [
            {
              "format": "short",
              "label": "",
              "logBase": 1,
              "max": null,
              "min": "0",
              "show": true
            },
            {
              "format": "short",
              "label": null,
              "logBase": 1,
              "max": null,
              "min": null,
              "show": false
            }
          ]
        }
      ],
      "repeat": null,
      "repeatIteration": null,
      "repeatRowId": null,
      "showTitle": false,
      "title": "Dashboard Row",
      "titleSize": "h6"
    },
    {
      "collapse": false,
      "height": 250,
      "panels": [
        {
          "aliasColors": {},
          "bars": false,
          "dashLength": 10,
          "dashes": false,
          "datasource": "${DS_PROMETHEUS1}",
          "fill": 5,
          "id": 19,
          "legend": {
            "alignAsTable": true,
            "avg": true,
            "current": true,
            "max": true,
            "min": true,
            "show": true,
            "sort": "current",
            "sortDesc": true,
            "total": false,
            "values": true
          },
          "lines": true,
          "linewidth": 1,
          "links": [],
          "nullPointMode": "null as zero",
          "percentage": false,
          "pointradius": 5,
          "points": false,
          "renderer": "flot",
          "repeat": "node",
          "seriesOverrides": [],
          "spaceLength": 10,
          "span": 12,
          "stack": true,
          "steppedLine": true,
          "targets": [
            {
              "expr": "redis_used_memory{node=\"$node\", cluster=\"$cluster\"}",
              "format": "time_series",
              "intervalFactor": 2,
              "legendFormat": "BDB: {{bdb}} Redis: {{redis}}",
              "metric": "redis_used_memory",
              "refId": "A",
              "step": 600
            }
          ],
          "thresholds": [],
          "timeFrom": null,
          "timeShift": null,
          "title": "Used Mem By redis for Node $node",
          "tooltip": {
            "shared": true,
            "sort": 0,
            "value_type": "individual"
          },
          "type": "graph",
          "xaxis": {
            "buckets": null,
            "mode": "time",
            "name": null,
            "show": true,
            "values": []
          },
          "yaxes": [
            {
              "format": "decbytes",
              "label": null,
              "logBase": 1,
              "max": null,
              "min": null,
              "show": true
            },
            {
              "format": "short",
              "label": null,
              "logBase": 1,
              "max": null,
              "min": null,
              "show": true
            }
          ]
        }
      ],
      "repeat": null,
      "repeatIteration": null,
      "repeatRowId": null,
      "showTitle": false,
      "title": "Dashboard Row",
      "titleSize": "h6"
    },
    {
      "collapse": false,
      "height": 246,
      "panels": [
        {
          "columns": [
            {
              "text": "Avg",
              "value": "avg"
            },
            {
              "text": "Current",
              "value": "current"
            }
          ],
          "datasource": "${DS_PROMETHEUS1}",
          "filterNull": false,
          "fontSize": "100%",
          "id": 23,
          "links": [],
          "pageSize": null,
          "scroll": true,
          "showHeader": true,
          "sort": {
            "col": 2,
            "desc": true
          },
          "span": 4,
          "styles": [
            {
              "dateFormat": "YYYY-MM-DD HH:mm:ss",
              "pattern": "Time",
              "type": "date"
            },
            {
              "colorMode": null,
              "colors": [
                "rgba(245, 54, 54, 0.9)",
                "rgba(237, 129, 40, 0.89)",
                "rgba(50, 172, 45, 0.97)"
              ],
              "decimals": 2,
              "pattern": "/.*/",
              "thresholds": [],
              "type": "number",
              "unit": "decbytes"
            }
          ],
          "targets": [
            {
              "expr": "bdb_used_memory{cluster=\"$cluster\"}",
              "intervalFactor": 2,
              "legendFormat": "BDB {{bdb}}",
              "refId": "A",
              "step": 2400
            }
          ],
          "title": "List of BDBs",
          "transform": "timeseries_aggregations",
          "type": "table"
        },
        {
          "aliasColors": {},
          "bars": false,
          "dashLength": 10,
          "dashes": false,
          "datasource": "${DS_PROMETHEUS1}",
          "fill": 5,
          "id": 28,
          "legend": {
            "alignAsTable": true,
            "avg": true,
            "current": true,
            "max": true,
            "min": true,
            "show": true,
            "sort": "current",
            "sortDesc": true,
            "total": false,
            "values": true
          },
          "lines": true,
          "linewidth": 1,
          "links": [],
          "nullPointMode": "null as zero",
          "percentage": false,
          "pointradius": 5,
          "points": false,
          "renderer": "flot",
          "seriesOverrides": [],
          "spaceLength": 10,
          "span": 8,
          "stack": true,
          "steppedLine": true,
          "targets": [
            {
              "expr": "bdb_used_memory{cluster=\"$cluster\"} > 30 * 1024 * 1024",
              "format": "time_series",
              "intervalFactor": 2,
              "legendFormat": "BDB: {{bdb}} ",
              "metric": "bdb_used_memory",
              "refId": "A",
              "step": 1200
            }
          ],
          "thresholds": [],
          "timeFrom": null,
          "timeShift": null,
          "title": "Used Mem By BDB over 30MB",
          "tooltip": {
            "shared": true,
            "sort": 0,
            "value_type": "individual"
          },
          "type": "graph",
          "xaxis": {
            "buckets": null,
            "mode": "time",
            "name": null,
            "show": true,
            "values": []
          },
          "yaxes": [
            {
              "format": "decbytes",
              "label": null,
              "logBase": 1,
              "max": null,
              "min": null,
              "show": true
            },
            {
              "format": "short",
              "label": null,
              "logBase": 1,
              "max": null,
              "min": null,
              "show": true
            }
          ]
        }
      ],
      "repeat": null,
      "repeatIteration": null,
      "repeatRowId": null,
      "showTitle": false,
      "title": "Dashboard Row",
      "titleSize": "h6"
    },
    {
      "collapse": false,
      "height": 250,
      "panels": [
        {
          "aliasColors": {},
          "bars": false,
          "dashLength": 10,
          "dashes": false,
          "datasource": "${DS_PROMETHEUS1}",
          "fill": 5,
          "id": 35,
          "legend": {
            "alignAsTable": true,
            "avg": true,
            "current": true,
            "max": true,
            "min": true,
            "show": true,
            "sort": "current",
            "sortDesc": true,
            "total": false,
            "values": true
          },
          "lines": true,
          "linewidth": 1,
          "links": [],
          "nullPointMode": "null as zero",
          "percentage": false,
          "pointradius": 5,
          "points": false,
          "renderer": "flot",
          "seriesOverrides": [],
          "spaceLength": 10,
          "span": 6,
          "stack": true,
          "steppedLine": true,
          "targets": [
            {
              "expr": "topk(10, bdb_conns{cluster=\"$cluster\"})",
              "format": "time_series",
              "intervalFactor": 2,
              "legendFormat": "Conns for BDB: {{bdb}} ",
              "metric": "bdb_conns",
              "refId": "A",
              "step": 1200
            },
            {
              "expr": "topk(10, listener_conns{bdb=\"$bdb\", cluster=\"$cluster\"})",
              "format": "time_series",
              "intervalFactor": 2,
              "legendFormat": "listener #{{listener}}",
              "refId": "B",
              "step": 1200
            }
          ],
          "thresholds": [],
          "timeFrom": null,
          "timeShift": null,
          "title": "Top 10 Used conns By BDB",
          "tooltip": {
            "shared": true,
            "sort": 0,
            "value_type": "individual"
          },
          "type": "graph",
          "xaxis": {
            "buckets": null,
            "mode": "time",
            "name": null,
            "show": true,
            "values": []
          },
          "yaxes": [
            {
              "format": "none",
              "label": null,
              "logBase": 1,
              "max": null,
              "min": null,
              "show": true
            },
            {
              "format": "short",
              "label": null,
              "logBase": 1,
              "max": null,
              "min": null,
              "show": true
            }
          ]
        },
        {
          "aliasColors": {},
          "bars": false,
          "dashLength": 10,
          "dashes": false,
          "datasource": "${DS_PROMETHEUS1}",
          "fill": 0,
          "id": 47,
          "legend": {
            "alignAsTable": true,
            "avg": true,
            "current": true,
            "max": true,
            "min": true,
            "show": true,
            "sort": "current",
            "sortDesc": true,
            "total": false,
            "values": true
          },
          "lines": true,
          "linewidth": 1,
          "links": [],
          "nullPointMode": "null as zero",
          "percentage": false,
          "pointradius": 5,
          "points": false,
          "renderer": "flot",
          "seriesOverrides": [],
          "spaceLength": 10,
          "span": 6,
          "stack": false,
          "steppedLine": false,
          "targets": [
            {
              "expr": "topk(10,bdb_avg_latency{cluster=\"$cluster\"} )",
              "format": "time_series",
              "intervalFactor": 2,
              "legendFormat": "Latency for BDB: {{bdb}} ",
              "metric": "bdb_conns",
              "refId": "A",
              "step": 1200
            }
          ],
          "thresholds": [],
          "timeFrom": null,
          "timeShift": null,
          "title": "Top bdb by latency in cluster",
          "tooltip": {
            "shared": true,
            "sort": 0,
            "value_type": "individual"
          },
          "type": "graph",
          "xaxis": {
            "buckets": null,
            "mode": "time",
            "name": null,
            "show": true,
            "values": []
          },
          "yaxes": [
            {
              "format": "s",
              "label": null,
              "logBase": 1,
              "max": null,
              "min": null,
              "show": true
            },
            {
              "format": "short",
              "label": null,
              "logBase": 1,
              "max": null,
              "min": null,
              "show": true
            }
          ]
        }
      ],
      "repeat": null,
      "repeatIteration": null,
      "repeatRowId": null,
      "showTitle": false,
      "title": "Dashboard Row",
      "titleSize": "h6"
    }
  ],
  "schemaVersion": 14,
  "style": "dark",
  "tags": [
    "RLEC"
  ],
  "templating": {
    "list": [
      {
        "allValue": null,
        "current": {},
        "datasource": "${DS_PROMETHEUS1}",
        "hide": 0,
        "includeAll": false,
        "label": null,
        "multi": false,
        "name": "cluster",
        "options": [],
        "query": "label_values(node_up,cluster)",
        "refresh": 1,
        "regex": "",
        "sort": 1,
        "tagValuesQuery": "",
        "tags": [],
        "tagsQuery": "",
        "type": "query",
        "useTags": false
      },
      {
        "allValue": null,
        "current": {},
        "datasource": "${DS_PROMETHEUS1}",
        "hide": 0,
        "includeAll": true,
        "label": null,
        "multi": true,
        "name": "node",
        "options": [],
        "query": "label_values(node_up{cluster=\"$cluster\"}, node)",
        "refresh": 1,
        "regex": "",
        "sort": 3,
        "tagValuesQuery": null,
        "tags": [],
        "tagsQuery": null,
        "type": "query",
        "useTags": false
      }
    ]
  },
  "time": {
    "from": "now-7d",
    "to": "now"
  },
  "timepicker": {
    "refresh_intervals": [
      "5s",
      "10s",
      "30s",
      "1m",
      "5m",
      "15m",
      "30m",
      "1h",
      "2h",
      "1d"
    ],
    "time_options": [
      "5m",
      "15m",
      "1h",
      "6h",
      "12h",
      "24h",
      "2d",
      "7d",
      "30d"
    ]
  },
  "timezone": "utc",
  "title": "Cluster Dashboard",
  "version": 38
}
