
{
  "__inputs": [
    {
      "name": "DS_PROMETHEUS1",
      "label": "Prometheus1",
      "description": "",
      "type": "datasource",
      "pluginId": "prometheus",
      "pluginName": "Prometheus"
    }
  ],
  "__requires": [
    {
      "type": "grafana",
      "id": "grafana",
      "name": "Grafana",
      "version": "4.4.0-pre1"
    },
    {
      "type": "panel",
      "id": "graph",
      "name": "Graph",
      "version": ""
    },
    {
      "type": "datasource",
      "id": "prometheus",
      "name": "Prometheus",
      "version": "1.0.0"
    },
    {
      "type": "panel",
      "id": "singlestat",
      "name": "Singlestat",
      "version": ""
    },
    {
      "type": "panel",
      "id": "text",
      "name": "Text",
      "version": ""
    }
  ],
  "annotations": {
    "list": []
  },
  "editable": true,
  "gnetId": null,
  "graphTooltip": 1,
  "hideControls": false,
  "id": null,
  "links": [
    {
      "icon": "external link",
      "includeVars": true,
      "keepTime": true,
      "tags": [
        "RLEC"
      ],
      "targetBlank": true,
      "type": "dashboards"
    }
  ],
  "rows": [
    {
      "collapse": false,
      "height": 174,
      "panels": [
        {
          "cacheTimeout": null,
          "colorBackground": false,
          "colorValue": false,
          "colors": [
            "rgba(245, 54, 54, 0.9)",
            "rgba(237, 129, 40, 0.89)",
            "rgba(50, 172, 45, 0.97)"
          ],
          "datasource": "${DS_PROMETHEUS1}",
          "decimals": null,
          "format": "short",
          "gauge": {
            "maxValue": 100,
            "minValue": 0,
            "show": false,
            "thresholdLabels": false,
            "thresholdMarkers": true
          },
          "id": 5,
          "interval": null,
          "links": [],
          "mappingType": 1,
          "mappingTypes": [
            {
              "name": "value to text",
              "value": 1
            },
            {
              "name": "range to text",
              "value": 2
            }
          ],
          "maxDataPoints": 100,
          "nullPointMode": "connected",
          "nullText": null,
          "postfix": "",
          "postfixFontSize": "50%",
          "prefix": "",
          "prefixFontSize": "50%",
          "rangeMaps": [
            {
              "from": "null",
              "text": "N/A",
              "to": "null"
            }
          ],
          "span": 2,
          "sparkline": {
            "fillColor": "rgba(31, 118, 189, 0.18)",
            "full": false,
            "lineColor": "rgb(31, 120, 193)",
            "show": false
          },
          "tableColumn": "",
          "targets": [
            {
              "expr": "count(count(redis_used_memory{cluster=\"$cluster\", node=\"$node\"}) by (bdb))",
              "format": "time_series",
              "hide": false,
              "intervalFactor": 2,
              "legendFormat": "",
              "metric": "",
              "refId": "A",
              "step": 14400
            }
          ],
          "thresholds": "",
          "title": "# BDBs",
          "type": "singlestat",
          "valueFontSize": "80%",
          "valueMaps": [
            {
              "op": "=",
              "text": "N/A",
              "value": "null"
            }
          ],
          "valueName": "current"
        },
        {
          "cacheTimeout": null,
          "colorBackground": false,
          "colorValue": false,
          "colors": [
            "rgba(245, 54, 54, 0.9)",
            "rgba(237, 129, 40, 0.89)",
            "rgba(50, 172, 45, 0.97)"
          ],
          "datasource": "${DS_PROMETHEUS1}",
          "decimals": null,
          "format": "short",
          "gauge": {
            "maxValue": 100,
            "minValue": 0,
            "show": false,
            "thresholdLabels": false,
            "thresholdMarkers": false
          },
          "id": 26,
          "interval": null,
          "links": [],
          "mappingType": 1,
          "mappingTypes": [
            {
              "name": "value to text",
              "value": 1
            },
            {
              "name": "range to text",
              "value": 2
            }
          ],
          "maxDataPoints": 100,
          "nullPointMode": "connected",
          "nullText": null,
          "postfix": "",
          "postfixFontSize": "50%",
          "prefix": "",
          "prefixFontSize": "50%",
          "rangeMaps": [
            {
              "from": "null",
              "text": "N/A",
              "to": "null"
            }
          ],
          "span": 2,
          "sparkline": {
            "fillColor": "rgba(31, 118, 189, 0.18)",
            "full": false,
            "lineColor": "rgb(31, 120, 193)",
            "show": false
          },
          "tableColumn": "",
          "targets": [
            {
              "expr": "count(redis_used_memory{cluster=\"$cluster\", node=\"$node\", role=\"master\"})",
              "format": "time_series",
              "hide": false,
              "intervalFactor": 2,
              "legendFormat": "",
              "metric": "",
              "refId": "A",
              "step": 14400
            }
          ],
          "thresholds": "",
          "title": "# Master Shards",
          "type": "singlestat",
          "valueFontSize": "80%",
          "valueMaps": [
            {
              "op": "=",
              "text": "N/A",
              "value": "null"
            }
          ],
          "valueName": "current"
        },
        {
          "cacheTimeout": null,
          "colorBackground": false,
          "colorValue": false,
          "colors": [
            "rgba(245, 54, 54, 0.9)",
            "rgba(237, 129, 40, 0.89)",
            "rgba(50, 172, 45, 0.97)"
          ],
          "datasource": "${DS_PROMETHEUS1}",
          "decimals": null,
          "format": "short",
          "gauge": {
            "maxValue": 100,
            "minValue": 0,
            "show": false,
            "thresholdLabels": false,
            "thresholdMarkers": false
          },
          "id": 7,
          "interval": null,
          "links": [],
          "mappingType": 1,
          "mappingTypes": [
            {
              "name": "value to text",
              "value": 1
            },
            {
              "name": "range to text",
              "value": 2
            }
          ],
          "maxDataPoints": 100,
          "nullPointMode": "connected",
          "nullText": null,
          "postfix": "",
          "postfixFontSize": "50%",
          "prefix": "",
          "prefixFontSize": "50%",
          "rangeMaps": [
            {
              "from": "null",
              "text": "N/A",
              "to": "null"
            }
          ],
          "span": 2,
          "sparkline": {
            "fillColor": "rgba(31, 118, 189, 0.18)",
            "full": false,
            "lineColor": "rgb(31, 120, 193)",
            "show": false
          },
          "tableColumn": "",
          "targets": [
            {
              "expr": "count(redis_used_memory{cluster=\"$cluster\", node=\"$node\", role=\"slave\"})",
              "format": "time_series",
              "hide": false,
              "intervalFactor": 2,
              "legendFormat": "",
              "metric": "",
              "refId": "A",
              "step": 14400
            }
          ],
          "thresholds": "",
          "title": "# Slave Shards",
          "type": "singlestat",
          "valueFontSize": "80%",
          "valueMaps": [
            {
              "op": "=",
              "text": "N/A",
              "value": "null"
            }
          ],
          "valueName": "current"
        },
        {
          "cacheTimeout": null,
          "colorBackground": false,
          "colorValue": false,
          "colors": [
            "rgba(50, 172, 45, 0.97)",
            "rgba(237, 129, 40, 0.89)",
            "rgba(245, 54, 54, 0.9)"
          ],
          "datasource": "${DS_PROMETHEUS1}",
          "decimals": 2,
          "format": "percentunit",
          "gauge": {
            "maxValue": 100,
            "minValue": 0,
            "show": true,
            "thresholdLabels": false,
            "thresholdMarkers": true
          },
          "id": 9,
          "interval": null,
          "links": [],
          "mappingType": 1,
          "mappingTypes": [
            {
              "name": "value to text",
              "value": 1
            },
            {
              "name": "range to text",
              "value": 2
            }
          ],
          "maxDataPoints": 100,
          "nullPointMode": "connected",
          "nullText": null,
          "postfix": "",
          "postfixFontSize": "50%",
          "prefix": "",
          "prefixFontSize": "50%",
          "rangeMaps": [
            {
              "from": "null",
              "text": "N/A",
              "to": "null"
            }
          ],
          "span": 2,
          "sparkline": {
            "fillColor": "rgba(31, 118, 189, 0.18)",
            "full": false,
            "lineColor": "rgb(31, 120, 193)",
            "show": false
          },
          "tableColumn": "",
          "targets": [
            {
              "expr": "node_cpu_system{node=\"$node\",cluster=\"$cluster\"} + node_cpu_user{node=\"$node\",cluster=\"$cluster\"}",
              "format": "time_series",
              "intervalFactor": 1,
              "legendFormat": "",
              "metric": "",
              "refId": "A",
              "step": 7200
            }
          ],
          "thresholds": "70,85",
          "title": "CPU Utilization",
          "type": "singlestat",
          "valueFontSize": "70%",
          "valueMaps": [
            {
              "op": "=",
              "text": "N/A",
              "value": "null"
            }
          ],
          "valueName": "current"
        },
        {
          "cacheTimeout": null,
          "colorBackground": false,
          "colorValue": false,
          "colors": [
            "rgba(245, 54, 54, 0.9)",
            "rgba(237, 129, 40, 0.89)",
            "rgba(50, 172, 45, 0.97)"
          ],
          "datasource": "${DS_PROMETHEUS1}",
          "decimals": null,
          "format": "bytes",
          "gauge": {
            "maxValue": 100,
            "minValue": 0,
            "show": false,
            "thresholdLabels": false,
            "thresholdMarkers": true
          },
          "id": 10,
          "interval": null,
          "links": [],
          "mappingType": 1,
          "mappingTypes": [
            {
              "name": "value to text",
              "value": 1
            },
            {
              "name": "range to text",
              "value": 2
            }
          ],
          "maxDataPoints": 100,
          "nullPointMode": "connected",
          "nullText": null,
          "postfix": "",
          "postfixFontSize": "50%",
          "prefix": "",
          "prefixFontSize": "50%",
          "rangeMaps": [
            {
              "from": "null",
              "text": "N/A",
              "to": "null"
            }
          ],
          "span": 2,
          "sparkline": {
            "fillColor": "rgba(31, 118, 189, 0.18)",
            "full": false,
            "lineColor": "rgb(31, 120, 193)",
            "show": false
          },
          "tableColumn": "",
          "targets": [
            {
              "expr": "node_available_memory{cluster=\"$cluster\",node=\"$node\"}",
              "format": "time_series",
              "intervalFactor": 2,
              "refId": "A",
              "step": 14400
            }
          ],
          "thresholds": "",
          "title": "Free RAM",
          "type": "singlestat",
          "valueFontSize": "80%",
          "valueMaps": [
            {
              "op": "=",
              "text": "N/A",
              "value": "null"
            }
          ],
          "valueName": "current"
        },
        {
          "content": "<b style=\"font-size: 20pt\">$version<b>",
          "id": 14,
          "links": [],
          "mode": "html",
          "span": 2,
          "title": "Node version",
          "type": "text"
        }
      ],
      "repeat": null,
      "repeatIteration": null,
      "repeatRowId": null,
      "showTitle": false,
      "title": "Dashboard Row",
      "titleSize": "h6"
    },
    {
      "collapse": false,
      "height": 312,
      "panels": [
        {
          "aliasColors": {},
          "bars": false,
          "dashLength": 10,
          "dashes": false,
          "datasource": "${DS_PROMETHEUS1}",
          "decimals": 2,
          "fill": 6,
          "id": 3,
          "legend": {
            "alignAsTable": true,
            "avg": true,
            "current": true,
            "hideEmpty": false,
            "hideZero": false,
            "max": true,
            "min": true,
            "rightSide": false,
            "show": true,
            "total": false,
            "values": true
          },
          "lines": true,
          "linewidth": 1,
          "links": [],
          "nullPointMode": "null",
          "percentage": false,
          "pointradius": 5,
          "points": false,
          "renderer": "flot",
          "seriesOverrides": [
            {
              "alias": "/.*dmcproxy.*/",
              "fill": 0,
              "stack": false
            },
            {
              "alias": "/.*shards.*/",
              "fill": 0,
              "stack": false
            }
          ],
          "spaceLength": 10,
          "span": 12,
          "stack": true,
          "steppedLine": false,
          "targets": [
            {
              "expr": " node_cpu_user{cluster=\"$cluster\", node=\"$node\"} + node_cpu_system{cluster=\"$cluster\", node=\"$node\"}",
              "format": "time_series",
              "interval": "",
              "intervalFactor": 2,
              "legendFormat": "user+system",
              "refId": "B",
              "step": 600
            },
            {
              "expr": "1- node_cpu_idle{cluster=\"$cluster\", node=\"$node\"} - node_cpu_system{cluster=\"$cluster\", node=\"$node\"} - node_cpu_user{cluster=\"$cluster\", node=\"$node\"} unless node_cpu_nice{cluster=\"$cluster\", node=\"$node\"}",
              "format": "time_series",
              "interval": "",
              "intervalFactor": 1,
              "legendFormat": "other",
              "refId": "A",
              "step": 300
            },
            {
              "expr": "node_cpu_steal{cluster=\"$cluster\", node=\"$node\"}",
              "format": "time_series",
              "intervalFactor": 2,
              "legendFormat": "steal",
              "refId": "D",
              "step": 600
            },
            {
              "expr": "node_cpu_nice{cluster=\"$cluster\", node=\"$node\"}",
              "format": "time_series",
              "intervalFactor": 2,
              "legendFormat": "nice",
              "refId": "E",
              "step": 600
            },
            {
              "expr": "node_cpu_irqs{cluster=\"$cluster\", node=\"$node\"}",
              "format": "time_series",
              "interval": "",
              "intervalFactor": 2,
              "legendFormat": "irqs",
              "refId": "F",
              "step": 600
            },
            {
              "expr": "dmcproxy_process_cpu_usage_percent{cluster=\"$cluster\", node=\"$node\"}/100",
              "format": "time_series",
              "interval": "",
              "intervalFactor": 2,
              "legendFormat": "dmcproxy (100% = 1 core)",
              "refId": "G",
              "step": 600
            },
            {
              "expr": " node_cpu_iowait{cluster=\"$cluster\", node=\"$node\"}",
              "format": "time_series",
              "interval": "",
              "intervalFactor": 2,
              "legendFormat": "iowait",
              "refId": "C",
              "step": 600
            },
            {
              "expr": "sum(redis_process_cpu_usage_percent{cluster=\"$cluster\", node=\"$node\"}/100)",
              "format": "time_series",
              "interval": "",
              "intervalFactor": 2,
              "legendFormat": "shards (100% = 1 core)",
              "refId": "H",
              "step": 600
            }
          ],
          "thresholds": [],
          "timeFrom": null,
          "timeShift": null,
          "title": "CPU Usage on node",
          "tooltip": {
            "shared": true,
            "sort": 0,
            "value_type": "individual"
          },
          "type": "graph",
          "xaxis": {
            "buckets": null,
            "mode": "time",
            "name": null,
            "show": true,
            "values": []
          },
          "yaxes": [
            {
              "format": "percentunit",
              "label": "percents",
              "logBase": 1,
              "max": "1.5",
              "min": "0",
              "show": true
            },
            {
              "format": "percentunit",
              "label": null,
              "logBase": 1,
              "max": null,
              "min": null,
              "show": true
            }
          ]
        }
      ],
      "repeat": null,
      "repeatIteration": null,
      "repeatRowId": null,
      "showTitle": false,
      "title": "Dashboard Row",
      "titleSize": "h6"
    },
    {
      "collapse": false,
      "height": 297,
      "panels": [
        {
          "aliasColors": {},
          "bars": false,
          "dashLength": 10,
          "dashes": false,
          "datasource": "${DS_PROMETHEUS1}",
          "description": "display the egress and ingress traffic on the node's NIC",
          "fill": 1,
          "id": 4,
          "legend": {
            "alignAsTable": true,
            "avg": true,
            "current": true,
            "max": true,
            "min": true,
            "rightSide": true,
            "show": true,
            "sortDesc": true,
            "total": false,
            "values": true
          },
          "lines": true,
          "linewidth": 1,
          "links": [],
          "nullPointMode": "null",
          "percentage": false,
          "pointradius": 5,
          "points": false,
          "renderer": "flot",
          "repeat": null,
          "seriesOverrides": [
            {
              "alias": "/Ingress.*/",
              "yaxis": 2
            }
          ],
          "spaceLength": 10,
          "span": 6,
          "stack": false,
          "steppedLine": false,
          "targets": [
            {
              "expr": "node_ingress_bytes{cluster=\"$cluster\", node=\"$node\"}",
              "format": "time_series",
              "hide": false,
              "intervalFactor": 2,
              "legendFormat": "Ingress for node {{node}}",
              "metric": "",
              "refId": "A",
              "step": 1200
            },
            {
              "expr": "node_egress_bytes{cluster=\"$cluster\", node=\"$node\"}",
              "format": "time_series",
              "hide": false,
              "intervalFactor": 2,
              "legendFormat": "egress for node {{node}}",
              "metric": "",
              "refId": "B",
              "step": 1200
            }
          ],
          "thresholds": [],
          "timeFrom": null,
          "timeShift": null,
          "title": "Node $node In/Out Traffic",
          "tooltip": {
            "shared": false,
            "sort": 0,
            "value_type": "individual"
          },
          "transparent": false,
          "type": "graph",
          "xaxis": {
            "buckets": null,
            "mode": "time",
            "name": null,
            "show": true,
            "values": [
              "max"
            ]
          },
          "yaxes": [
            {
              "format": "Bps",
              "label": "Egress bytes/sec ",
              "logBase": 1,
              "max": null,
              "min": null,
              "show": true
            },
            {
              "format": "Bps",
              "label": "Ingress bytes/sec ",
              "logBase": 1,
              "max": null,
              "min": null,
              "show": true
            }
          ]
        },
        {
          "aliasColors": {},
          "bars": false,
          "dashLength": 10,
          "dashes": false,
          "datasource": "${DS_PROMETHEUS1}",
          "description": "display the egress and ingress traffic on the node's NIC",
          "fill": 1,
          "id": 32,
          "legend": {
            "alignAsTable": true,
            "avg": true,
            "current": true,
            "max": true,
            "min": true,
            "rightSide": true,
            "show": true,
            "sortDesc": true,
            "total": false,
            "values": true
          },
          "lines": true,
          "linewidth": 1,
          "links": [],
          "nullPointMode": "null",
          "percentage": false,
          "pointradius": 5,
          "points": false,
          "renderer": "flot",
          "seriesOverrides": [
            {
              "alias": "/Ingress.*/",
              "yaxis": 2
            }
          ],
          "spaceLength": 10,
          "span": 6,
          "stack": false,
          "steppedLine": false,
          "targets": [
            {
              "expr": "node_total_req{cluster=\"$cluster\", node=\"$node\"}",
              "format": "time_series",
              "hide": false,
              "intervalFactor": 2,
              "legendFormat": "Total requests for node {{node}}",
              "metric": "",
              "refId": "A",
              "step": 1200
            }
          ],
          "thresholds": [],
          "timeFrom": null,
          "timeShift": null,
          "title": "Node $node req/sec",
          "tooltip": {
            "shared": false,
            "sort": 0,
            "value_type": "individual"
          },
          "transparent": false,
          "type": "graph",
          "xaxis": {
            "buckets": null,
            "mode": "time",
            "name": null,
            "show": true,
            "values": [
              "max"
            ]
          },
          "yaxes": [
            {
              "format": "short",
              "label": "Egress bytes/sec ",
              "logBase": 1,
              "max": null,
              "min": null,
              "show": true
            },
            {
              "format": "Bps",
              "label": "Ingress bytes/sec ",
              "logBase": 1,
              "max": null,
              "min": null,
              "show": false
            }
          ]
        }
      ],
      "repeat": null,
      "repeatIteration": null,
      "repeatRowId": null,
      "showTitle": false,
      "title": "Dashboard Row",
      "titleSize": "h6"
    },
    {
      "collapse": false,
      "height": 250,
      "panels": [
        {
          "aliasColors": {},
          "bars": false,
          "dashLength": 10,
          "dashes": false,
          "datasource": "${DS_PROMETHEUS1}",
          "fill": 1,
          "id": 12,
          "legend": {
            "alignAsTable": true,
            "avg": true,
            "current": true,
            "max": true,
            "min": false,
            "rightSide": true,
            "show": true,
            "sort": "max",
            "sortDesc": true,
            "total": false,
            "values": true
          },
          "lines": true,
          "linewidth": 1,
          "links": [],
          "nullPointMode": "null as zero",
          "percentage": false,
          "pointradius": 5,
          "points": false,
          "renderer": "flot",
          "seriesOverrides": [
            {
              "alias": "/Ingress.*/",
              "yaxis": 2
            }
          ],
          "spaceLength": 10,
          "span": 12,
          "stack": false,
          "steppedLine": false,
          "targets": [
            {
              "expr": "topk(10, listener_egress_bytes{node=\"$node\", cluster=\"$cluster\"})",
              "format": "time_series",
              "intervalFactor": 2,
              "legendFormat": "Egress listener {{proxy}} for {{bdb}}",
              "refId": "A",
              "step": 600
            },
            {
              "expr": "topk(10, listener_ingress_bytes{node=\"$node\", cluster=\"$cluster\"})",
              "format": "time_series",
              "intervalFactor": 2,
              "legendFormat": "Ingress listener {{proxy}} for {{bdb}}",
              "refId": "B",
              "step": 600
            }
          ],
          "thresholds": [],
          "timeFrom": null,
          "timeShift": null,
          "title": "Top 10 listeners Egress/Ingrees",
          "tooltip": {
            "shared": true,
            "sort": 0,
            "value_type": "individual"
          },
          "type": "graph",
          "xaxis": {
            "buckets": null,
            "mode": "time",
            "name": null,
            "show": true,
            "values": []
          },
          "yaxes": [
            {
              "format": "Bps",
              "label": null,
              "logBase": 1,
              "max": null,
              "min": null,
              "show": true
            },
            {
              "format": "Bps",
              "label": null,
              "logBase": 1,
              "max": null,
              "min": null,
              "show": true
            }
          ]
        },
        {
          "aliasColors": {},
          "bars": false,
          "dashLength": 10,
          "dashes": false,
          "datasource": "${DS_PROMETHEUS1}",
          "fill": 1,
          "id": 27,
          "legend": {
            "alignAsTable": true,
            "avg": true,
            "current": true,
            "max": true,
            "min": false,
            "rightSide": true,
            "show": true,
            "sort": "current",
            "sortDesc": true,
            "total": false,
            "values": true
          },
          "lines": true,
          "linewidth": 1,
          "links": [],
          "nullPointMode": "null as zero",
          "percentage": false,
          "pointradius": 5,
          "points": false,
          "renderer": "flot",
          "seriesOverrides": [
            {
              "alias": "/.*max.*/",
              "dashes": true,
              "fill": 0
            }
          ],
          "spaceLength": 10,
          "span": 12,
          "stack": false,
          "steppedLine": false,
          "targets": [
            {
              "expr": "topk(5, listener_acc_latency{node=\"$node\", cluster=\"$cluster\"} / listener_total_started_res{node=\"$node\", cluster=\"$cluster\"})",
              "format": "time_series",
              "hide": false,
              "interval": "",
              "intervalFactor": 2,
              "legendFormat": "listener {{proxy}}  bdb {{bdb}}",
              "refId": "A",
              "step": 600
            }
          ],
          "thresholds": [],
          "timeFrom": null,
          "timeShift": null,
          "title": "Avg listener latency for node:$node",
          "tooltip": {
            "shared": true,
            "sort": 0,
            "value_type": "individual"
          },
          "type": "graph",
          "xaxis": {
            "buckets": null,
            "mode": "time",
            "name": null,
            "show": true,
            "values": []
          },
          "yaxes": [
            {
              "format": "s",
              "label": null,
              "logBase": 1,
              "max": null,
              "min": null,
              "show": true
            },
            {
              "format": "Bps",
              "label": null,
              "logBase": 1,
              "max": null,
              "min": null,
              "show": false
            }
          ]
        }
      ],
      "repeat": null,
      "repeatIteration": null,
      "repeatRowId": null,
      "showTitle": false,
      "title": "Dashboard Row",
      "titleSize": "h6"
    },
    {
      "collapse": false,
      "height": 325,
      "panels": [
        {
          "aliasColors": {},
          "bars": false,
          "dashLength": 10,
          "dashes": false,
          "datasource": "${DS_PROMETHEUS1}",
          "fill": 1,
          "id": 1,
          "legend": {
            "alignAsTable": true,
            "avg": true,
            "current": true,
            "max": true,
            "min": true,
            "rightSide": true,
            "show": true,
            "sort": "max",
            "sortDesc": true,
            "total": false,
            "values": true
          },
          "lines": true,
          "linewidth": 1,
          "links": [],
          "nullPointMode": "null as zero",
          "percentage": false,
          "pointradius": 5,
          "points": false,
          "renderer": "flot",
          "seriesOverrides": [],
          "spaceLength": 10,
          "span": 6,
          "stack": false,
          "steppedLine": false,
          "targets": [
            {
              "expr": "topk(10, redis_used_ram{cluster=\"$cluster\", node=\"$node\"} or redis_used_memory{cluster=\"$cluster\", node=\"$node\"})",
              "format": "time_series",
              "hide": false,
              "intervalFactor": 2,
              "legendFormat": "redis:{{redis}}, bdb:{{bdb}},  role:{{role}}",
              "metric": "",
              "refId": "A",
              "step": 1200
            },
            {
              "expr": "dmcproxy_process_resident_memory_bytes{cluster=\"$cluster\", node=\"$node\"}",
              "format": "time_series",
              "interval": "",
              "intervalFactor": 2,
              "legendFormat": "dmcproxy",
              "refId": "B",
              "step": 1200
            }
          ],
          "thresholds": [],
          "timeFrom": null,
          "timeShift": null,
          "title": "Top 10 shards by used ram",
          "tooltip": {
            "shared": true,
            "sort": 0,
            "value_type": "individual"
          },
          "type": "graph",
          "xaxis": {
            "buckets": null,
            "mode": "time",
            "name": null,
            "show": true,
            "values": []
          },
          "yaxes": [
            {
              "format": "bytes",
              "label": "",
              "logBase": 1,
              "max": null,
              "min": "0",
              "show": true
            },
            {
              "format": "short",
              "label": null,
              "logBase": 1,
              "max": null,
              "min": null,
              "show": true
            }
          ]
        },
        {
          "aliasColors": {},
          "bars": false,
          "dashLength": 10,
          "dashes": false,
          "datasource": "${DS_PROMETHEUS1}",
          "fill": 1,
          "id": 13,
          "legend": {
            "alignAsTable": true,
            "avg": false,
            "current": true,
            "max": true,
            "min": false,
            "show": true,
            "sort": "current",
            "sortDesc": true,
            "total": false,
            "values": true
          },
          "lines": true,
          "linewidth": 1,
          "links": [],
          "nullPointMode": "null as zero",
          "percentage": false,
          "pointradius": 5,
          "points": false,
          "renderer": "flot",
          "seriesOverrides": [],
          "spaceLength": 10,
          "span": 6,
          "stack": false,
          "steppedLine": false,
          "targets": [
            {
              "expr": "redis_used_memory{cluster=\"$cluster\", node=\"$node\"}",
              "format": "time_series",
              "intervalFactor": 2,
              "legendFormat": "redis:{{redis}}, bdb:{{bdb}},  role:{{role}}",
              "metric": "redis_used_memory",
              "refId": "A",
              "step": 1200
            }
          ],
          "thresholds": [],
          "timeFrom": null,
          "timeShift": null,
          "title": "Size of shards on node (Ability for sorting like by size)",
          "tooltip": {
            "shared": true,
            "sort": 0,
            "value_type": "individual"
          },
          "type": "graph",
          "xaxis": {
            "buckets": null,
            "mode": "time",
            "name": null,
            "show": true,
            "values": []
          },
          "yaxes": [
            {
              "format": "bytes",
              "label": null,
              "logBase": 1,
              "max": null,
              "min": null,
              "show": true
            },
            {
              "format": "short",
              "label": null,
              "logBase": 1,
              "max": null,
              "min": null,
              "show": false
            }
          ]
        }
      ],
      "repeat": null,
      "repeatIteration": null,
      "repeatRowId": null,
      "showTitle": false,
      "title": "BIGSTORE IOPS",
      "titleSize": "h6"
    },
    {
      "collapse": false,
      "height": 322,
      "panels": [
        {
          "aliasColors": {},
          "bars": false,
          "dashLength": 10,
          "dashes": false,
          "datasource": "${DS_PROMETHEUS1}",
          "fill": 1,
          "id": 11,
          "legend": {
            "alignAsTable": true,
            "avg": true,
            "current": true,
            "max": true,
            "min": true,
            "rightSide": false,
            "show": true,
            "sort": "current",
            "sortDesc": true,
            "total": false,
            "values": true
          },
          "lines": true,
          "linewidth": 1,
          "links": [],
          "nullPointMode": "null as zero",
          "percentage": false,
          "pointradius": 5,
          "points": false,
          "renderer": "flot",
          "seriesOverrides": [],
          "spaceLength": 10,
          "span": 6,
          "stack": false,
          "steppedLine": false,
          "targets": [
            {
              "expr": "topk(10, listener_conns{cluster=\"$cluster\", node=\"$node\"})",
              "format": "time_series",
              "hide": false,
              "intervalFactor": 2,
              "legendFormat": "listener {{proxy}} for  bdb {{bdb}}",
              "metric": "",
              "refId": "A",
              "step": 1200
            }
          ],
          "thresholds": [],
          "timeFrom": null,
          "timeShift": null,
          "title": "Top 10 active listeners by connections",
          "tooltip": {
            "shared": true,
            "sort": 0,
            "value_type": "individual"
          },
          "type": "graph",
          "xaxis": {
            "buckets": null,
            "mode": "time",
            "name": null,
            "show": true,
            "values": []
          },
          "yaxes": [
            {
              "format": "short",
              "label": "",
              "logBase": 1,
              "max": null,
              "min": "0",
              "show": true
            },
            {
              "format": "short",
              "label": null,
              "logBase": 1,
              "max": null,
              "min": null,
              "show": true
            }
          ]
        },
        {
          "aliasColors": {},
          "bars": false,
          "dashLength": 10,
          "dashes": false,
          "datasource": "${DS_PROMETHEUS1}",
          "fill": 1,
          "id": 17,
          "legend": {
            "alignAsTable": true,
            "avg": true,
            "current": true,
            "max": true,
            "min": true,
            "rightSide": false,
            "show": true,
            "sort": "current",
            "sortDesc": true,
            "total": false,
            "values": true
          },
          "lines": true,
          "linewidth": 1,
          "links": [],
          "nullPointMode": "null as zero",
          "percentage": false,
          "pointradius": 5,
          "points": false,
          "renderer": "flot",
          "seriesOverrides": [],
          "spaceLength": 10,
          "span": 6,
          "stack": false,
          "steppedLine": false,
          "targets": [
            {
              "expr": "topk(10, listener_total_req{cluster=\"$cluster\", node=\"$node\"})",
              "format": "time_series",
              "hide": false,
              "intervalFactor": 2,
              "legendFormat": "listener {{proxy}} for  bdb {{bdb}}",
              "metric": "",
              "refId": "A",
              "step": 1200
            }
          ],
          "thresholds": [],
          "timeFrom": null,
          "timeShift": null,
          "title": "Top 10 active listeners by requests",
          "tooltip": {
            "shared": true,
            "sort": 0,
            "value_type": "individual"
          },
          "type": "graph",
          "xaxis": {
            "buckets": null,
            "mode": "time",
            "name": null,
            "show": true,
            "values": []
          },
          "yaxes": [
            {
              "format": "ops",
              "label": "",
              "logBase": 1,
              "max": null,
              "min": "0",
              "show": true
            },
            {
              "format": "short",
              "label": null,
              "logBase": 1,
              "max": null,
              "min": null,
              "show": true
            }
          ]
        }
      ],
      "repeat": null,
      "repeatIteration": null,
      "repeatRowId": null,
      "showTitle": false,
      "title": "Dashboard Row",
      "titleSize": "h6"
    },
    {
      "collapse": false,
      "height": 243,
      "panels": [
        {
          "aliasColors": {},
          "bars": false,
          "dashLength": 10,
          "dashes": false,
          "datasource": "${DS_PROMETHEUS1}",
          "fill": 1,
          "id": 6,
          "legend": {
            "alignAsTable": true,
            "avg": false,
            "current": true,
            "max": false,
            "min": false,
            "show": true,
            "sort": "current",
            "sortDesc": true,
            "total": false,
            "values": true
          },
          "lines": true,
          "linewidth": 1,
          "links": [],
          "nullPointMode": "null",
          "percentage": false,
          "pointradius": 5,
          "points": false,
          "renderer": "flot",
          "seriesOverrides": [],
          "spaceLength": 10,
          "span": 6,
          "stack": false,
          "steppedLine": false,
          "targets": [
            {
              "expr": "count(redis_used_memory{cluster=\"$cluster\", node=\"$node\"}) by (bdb)",
              "format": "time_series",
              "intervalFactor": 2,
              "legendFormat": "bdb:{{bdb}}",
              "refId": "A",
              "step": 1200
            }
          ],
          "thresholds": [],
          "timeFrom": null,
          "timeShift": null,
          "title": "#Shards per BDB",
          "tooltip": {
            "shared": true,
            "sort": 0,
            "value_type": "individual"
          },
          "type": "graph",
          "xaxis": {
            "buckets": null,
            "mode": "time",
            "name": null,
            "show": true,
            "values": []
          },
          "yaxes": [
            {
              "format": "short",
              "label": null,
              "logBase": 1,
              "max": null,
              "min": null,
              "show": true
            },
            {
              "format": "short",
              "label": null,
              "logBase": 1,
              "max": null,
              "min": null,
              "show": true
            }
          ]
        },
        {
          "aliasColors": {},
          "bars": false,
          "dashLength": 10,
          "dashes": false,
          "datasource": "${DS_PROMETHEUS1}",
          "fill": 1,
          "id": 8,
          "legend": {
            "alignAsTable": true,
            "avg": true,
            "current": true,
            "max": true,
            "min": true,
            "rightSide": false,
            "show": true,
            "total": false,
            "values": true
          },
          "lines": true,
          "linewidth": 1,
          "links": [],
          "nullPointMode": "null",
          "percentage": false,
          "pointradius": 5,
          "points": false,
          "renderer": "flot",
          "seriesOverrides": [],
          "spaceLength": 10,
          "span": 6,
          "stack": false,
          "steppedLine": false,
          "targets": [
            {
              "expr": "node_available_memory{cluster=\"$cluster\",node=\"$node\"}",
              "format": "time_series",
              "hide": false,
              "intervalFactor": 2,
              "legendFormat": "available memory",
              "metric": "",
              "refId": "A",
              "step": 1200
            }
          ],
          "thresholds": [],
          "timeFrom": null,
          "timeShift": null,
          "title": "Available Memory",
          "tooltip": {
            "shared": true,
            "sort": 0,
            "value_type": "individual"
          },
          "type": "graph",
          "xaxis": {
            "buckets": null,
            "mode": "time",
            "name": null,
            "show": true,
            "values": []
          },
          "yaxes": [
            {
              "format": "bytes",
              "label": null,
              "logBase": 1,
              "max": null,
              "min": "0",
              "show": true
            },
            {
              "format": "short",
              "label": null,
              "logBase": 1,
              "max": null,
              "min": null,
              "show": true
            }
          ]
        },
        {
          "aliasColors": {},
          "bars": false,
          "dashLength": 10,
          "dashes": false,
          "datasource": "${DS_PROMETHEUS1}",
          "fill": 1,
          "id": 29,
          "legend": {
            "alignAsTable": true,
            "avg": true,
            "current": true,
            "max": true,
            "min": true,
            "rightSide": false,
            "show": true,
            "total": false,
            "values": true
          },
          "lines": true,
          "linewidth": 1,
          "links": [],
          "nullPointMode": "null",
          "percentage": false,
          "pointradius": 5,
          "points": false,
          "renderer": "flot",
          "seriesOverrides": [],
          "spaceLength": 10,
          "span": 6,
          "stack": false,
          "steppedLine": false,
          "targets": [
            {
              "expr": "sum(redis_used_memory{cluster=\"$cluster\", node=\"$node\"})",
              "format": "time_series",
              "hide": false,
              "intervalFactor": 2,
              "legendFormat": "total shards memory",
              "metric": "",
              "refId": "A",
              "step": 1200
            },
            {
              "expr": "sum(redis_used_ram{cluster=\"$cluster\", node=\"$node\"})",
              "format": "time_series",
              "hide": false,
              "interval": "",
              "intervalFactor": 2,
              "legendFormat": "total shards ram",
              "metric": "",
              "refId": "B",
              "step": 1200
            }
          ],
          "thresholds": [],
          "timeFrom": null,
          "timeShift": null,
          "title": "total shards memory",
          "tooltip": {
            "shared": true,
            "sort": 0,
            "value_type": "individual"
          },
          "type": "graph",
          "xaxis": {
            "buckets": null,
            "mode": "time",
            "name": null,
            "show": true,
            "values": []
          },
          "yaxes": [
            {
              "format": "bytes",
              "label": null,
              "logBase": 1,
              "max": null,
              "min": "0",
              "show": true
            },
            {
              "format": "short",
              "label": null,
              "logBase": 1,
              "max": null,
              "min": null,
              "show": true
            }
          ]
        },
        {
          "aliasColors": {},
          "bars": false,
          "dashLength": 10,
          "dashes": false,
          "datasource": "${DS_PROMETHEUS1}",
          "fill": 1,
          "id": 30,
          "legend": {
            "alignAsTable": true,
            "avg": true,
            "current": true,
            "max": true,
            "min": true,
            "rightSide": false,
            "show": true,
            "total": false,
            "values": true
          },
          "lines": true,
          "linewidth": 1,
          "links": [],
          "nullPointMode": "null",
          "percentage": false,
          "pointradius": 5,
          "points": false,
          "renderer": "flot",
          "seriesOverrides": [
            {
              "alias": "active / allocated (defraggable)",
              "dashes": true,
              "yaxis": 2
            },
            {
              "alias": "resident / active (purgable)",
              "dashes": true,
              "yaxis": 2
            },
            {
              "alias": "active defrag running",
              "dashes": true,
              "yaxis": 2
            },
            {
              "alias": "process rss / allocator rss",
              "dashes": true,
              "yaxis": 2
            }
          ],
          "spaceLength": 10,
          "span": 6,
          "stack": false,
          "steppedLine": false,
          "targets": [
            {
              "expr": "avg(redis_allocator_active{node=\"$node\",cluster=\"$cluster\"} / redis_allocator_allocated{node=\"$node\",cluster=\"$cluster\"}) - 1",
              "format": "time_series",
              "hide": false,
              "interval": "",
              "intervalFactor": 2,
              "legendFormat": "active / allocated (defraggable)",
              "metric": "",
              "refId": "A",
              "step": 1200
            },
            {
              "expr": "avg(redis_allocator_resident{node=\"$node\",cluster=\"$cluster\"} / redis_allocator_active{node=\"$node\",cluster=\"$cluster\"}) - 1",
              "format": "time_series",
              "hide": false,
              "interval": "",
              "intervalFactor": 2,
              "legendFormat": "resident / active (purgable)",
              "metric": "",
              "refId": "B",
              "step": 1200
            },
            {
              "expr": "sum(redis_allocator_active{node=\"$node\",cluster=\"$cluster\"} - redis_allocator_allocated{node=\"$node\",cluster=\"$cluster\"})",
              "format": "time_series",
              "hide": false,
              "interval": "",
              "intervalFactor": 2,
              "legendFormat": "active - allocated (defraggable)",
              "metric": "",
              "refId": "C",
              "step": 1200
            },
            {
              "expr": "sum(redis_allocator_resident{node=\"$node\",cluster=\"$cluster\"} - redis_allocator_active{node=\"$node\",cluster=\"$cluster\"})",
              "format": "time_series",
              "hide": false,
              "interval": "",
              "intervalFactor": 2,
              "legendFormat": "resident - active (purgable)",
              "metric": "",
              "refId": "D",
              "step": 1200
            },
            {
              "expr": "avg(redis_active_defrag_running{node=\"$node\",cluster=\"$cluster\"})/100",
              "format": "time_series",
              "interval": "",
              "intervalFactor": 2,
              "legendFormat": "active defrag running",
              "refId": "E",
              "step": 1200
            },
            {
              "expr": "sum(redis_process_resident_memory_bytes{node=\"$node\",cluster=\"$cluster\"}) - sum(redis_allocator_resident{node=\"$node\",cluster=\"$cluster\"})",
              "format": "time_series",
              "hide": false,
              "interval": "",
              "intervalFactor": 2,
              "legendFormat": "process rss - allocator rss",
              "metric": "redis_process_resident_memory_bytes",
              "refId": "F",
              "step": 1200
            },
            {
              "expr": "sum(redis_process_resident_memory_bytes{node=\"$node\",cluster=\"$cluster\"}) / sum(redis_allocator_resident{node=\"$node\",cluster=\"$cluster\"})",
              "format": "time_series",
              "hide": false,
              "interval": "",
              "intervalFactor": 2,
              "legendFormat": "process rss / allocator rss",
              "metric": "redis_process_resident_memory_bytes",
              "refId": "G",
              "step": 1200
            }
          ],
          "thresholds": [],
          "timeFrom": null,
          "timeShift": null,
          "title": "fragmentation",
          "tooltip": {
            "shared": true,
            "sort": 0,
            "value_type": "individual"
          },
          "type": "graph",
          "xaxis": {
            "buckets": null,
            "mode": "time",
            "name": null,
            "show": true,
            "values": []
          },
          "yaxes": [
            {
              "format": "bytes",
              "label": null,
              "logBase": 1,
              "max": null,
              "min": "0",
              "show": true
            },
            {
              "format": "percentunit",
              "label": null,
              "logBase": 1,
              "max": null,
              "min": null,
              "show": true
            }
          ]
        }
      ],
      "repeat": null,
      "repeatIteration": null,
      "repeatRowId": null,
      "showTitle": false,
      "title": "Dashboard Row",
      "titleSize": "h6"
    },
    {
      "collapse": false,
      "height": 250,
      "panels": [
        {
          "aliasColors": {},
          "bars": false,
          "dashLength": 10,
          "dashes": false,
          "datasource": "${DS_PROMETHEUS1}",
          "fill": 1,
          "id": 16,
          "legend": {
            "alignAsTable": true,
            "avg": true,
            "current": true,
            "max": true,
            "min": false,
            "show": true,
            "sort": "max",
            "sortDesc": true,
            "total": false,
            "values": true
          },
          "lines": true,
          "linewidth": 1,
          "links": [],
          "nullPointMode": "null as zero",
          "percentage": false,
          "pointradius": 5,
          "points": false,
          "renderer": "flot",
          "seriesOverrides": [],
          "spaceLength": 10,
          "span": 6,
          "stack": false,
          "steppedLine": false,
          "targets": [
            {
              "expr": "(delta(redis_process_cpu_system_seconds_total{node=\"$node\",cluster=\"$cluster\"}[60s]) + delta(redis_process_cpu_user_seconds_total{node=\"$node\",cluster=\"$cluster\"}[60s]))/60*100",
              "format": "time_series",
              "intervalFactor": 2,
              "legendFormat": "shard: {{redis}} role: {{role}} bdb: {{bdb}}",
              "refId": "A",
              "step": 1200
            }
          ],
          "thresholds": [],
          "timeFrom": null,
          "timeShift": null,
          "title": "Shard's CPU on Node",
          "tooltip": {
            "shared": true,
            "sort": 2,
            "value_type": "individual"
          },
          "type": "graph",
          "xaxis": {
            "buckets": null,
            "mode": "time",
            "name": null,
            "show": true,
            "values": []
          },
          "yaxes": [
            {
              "format": "percent",
              "label": null,
              "logBase": 1,
              "max": null,
              "min": null,
              "show": true
            },
            {
              "format": "short",
              "label": null,
              "logBase": 1,
              "max": null,
              "min": null,
              "show": true
            }
          ]
        },
        {
          "aliasColors": {},
          "bars": false,
          "dashLength": 10,
          "dashes": false,
          "datasource": "${DS_PROMETHEUS1}",
          "fill": 1,
          "id": 28,
          "legend": {
            "avg": false,
            "current": false,
            "max": false,
            "min": false,
            "show": true,
            "total": false,
            "values": false
          },
          "lines": true,
          "linewidth": 1,
          "links": [],
          "nullPointMode": "null",
          "percentage": false,
          "pointradius": 5,
          "points": false,
          "renderer": "flot",
          "seriesOverrides": [],
          "spaceLength": 10,
          "span": 6,
          "stack": false,
          "steppedLine": false,
          "targets": [
            {
              "expr": "rate(dmcproxy_process_cpu_user_seconds_total{cluster=\"$cluster\", node=\"$node\"}[$aggregation])",
              "format": "time_series",
              "intervalFactor": 2,
              "legendFormat": "CPU User",
              "metric": "",
              "refId": "A",
              "step": 1200
            },
            {
              "expr": "rate(dmcproxy_process_cpu_system_seconds_total{cluster=\"$cluster\", node=\"$node\"}[$aggregation])",
              "format": "time_series",
              "intervalFactor": 2,
              "legendFormat": "CPU System",
              "metric": "dmcproxy_process_cpu_system_seconds_total",
              "refId": "B",
              "step": 1200
            }
          ],
          "thresholds": [],
          "timeFrom": null,
          "timeShift": null,
          "title": "DMC Proxy CPU Usage",
          "tooltip": {
            "shared": true,
            "sort": 0,
            "value_type": "individual"
          },
          "type": "graph",
          "xaxis": {
            "buckets": null,
            "mode": "time",
            "name": null,
            "show": true,
            "values": []
          },
          "yaxes": [
            {
              "format": "percentunit",
              "label": "",
              "logBase": 1,
              "max": null,
              "min": null,
              "show": true
            },
            {
              "format": "percentunit",
              "label": null,
              "logBase": 1,
              "max": null,
              "min": null,
              "show": true
            }
          ]
        },
        {
          "aliasColors": {},
          "bars": false,
          "dashLength": 10,
          "dashes": false,
          "datasource": "${DS_PROMETHEUS1}",
          "fill": 6,
          "id": 22,
          "legend": {
            "alignAsTable": true,
            "avg": true,
            "current": true,
            "max": true,
            "min": true,
            "rightSide": true,
            "show": false,
            "total": false,
            "values": true
          },
          "lines": true,
          "linewidth": 1,
          "links": [],
          "nullPointMode": "null",
          "percentage": false,
          "pointradius": 5,
          "points": false,
          "renderer": "flot",
          "seriesOverrides": [
            {
              "alias": "/.*cow.*/",
              "fill": 0
            },
            {
              "alias": "/.*mem.*/",
              "fill": 8
            }
          ],
          "spaceLength": 10,
          "span": 6,
          "stack": false,
          "steppedLine": false,
          "targets": [
            {
              "expr": "redis_rdb_last_cow_size{node=\"$node\",cluster=\"$cluster\"}",
              "format": "time_series",
              "hide": false,
              "interval": "",
              "intervalFactor": 2,
              "legendFormat": "shard last RDB cow - redis: {{redis}}",
              "refId": "A",
              "step": 1200
            },
            {
              "expr": "redis_aof_last_cow_size{node=\"$node\",cluster=\"$cluster\"}",
              "format": "time_series",
              "hide": false,
              "interval": "",
              "intervalFactor": 2,
              "legendFormat": "shard last AOF cow - redis: {{redis}}",
              "refId": "B",
              "step": 1200
            },
            {
              "expr": "redis_mem_aof_buffer{node=\"$node\",cluster=\"$cluster\"}",
              "format": "time_series",
              "intervalFactor": 2,
              "legendFormat": "shard aofrw buffers - redis: {{redis}}",
              "refId": "C",
              "step": 1200
            },
            {
              "expr": "redis_mem_clients_slaves{node=\"$node\",cluster=\"$cluster\"}",
              "format": "time_series",
              "interval": "",
              "intervalFactor": 2,
              "legendFormat": "shard salve buffers - redis: {{redis}}",
              "refId": "D",
              "step": 1200
            }
          ],
          "thresholds": [],
          "timeFrom": null,
          "timeShift": null,
          "title": "fork memory",
          "tooltip": {
            "shared": true,
            "sort": 0,
            "value_type": "individual"
          },
          "type": "graph",
          "xaxis": {
            "buckets": null,
            "mode": "time",
            "name": null,
            "show": true,
            "values": []
          },
          "yaxes": [
            {
              "format": "bytes",
              "label": null,
              "logBase": 1,
              "max": null,
              "min": null,
              "show": true
            },
            {
              "format": "short",
              "label": null,
              "logBase": 1,
              "max": null,
              "min": null,
              "show": true
            }
          ]
        },
        {
          "aliasColors": {},
          "bars": false,
          "dashLength": 10,
          "dashes": false,
          "datasource": "${DS_PROMETHEUS1}",
          "fill": 5,
          "id": 25,
          "legend": {
            "alignAsTable": true,
            "avg": false,
            "current": false,
            "max": false,
            "min": false,
            "rightSide": true,
            "show": false,
            "total": false,
            "values": false
          },
          "lines": true,
          "linewidth": 1,
          "links": [],
          "nullPointMode": "null",
          "percentage": false,
          "pointradius": 5,
          "points": false,
          "renderer": "flot",
          "seriesOverrides": [],
          "spaceLength": 10,
          "span": 6,
          "stack": true,
          "steppedLine": false,
          "targets": [
            {
              "expr": "redis_rdb_bgsave_in_progress{cluster=\"$cluster\", node=\"$node\"} !=0",
              "format": "time_series",
              "hide": false,
              "interval": "",
              "intervalFactor": 2,
              "legendFormat": "BGSAVE {{redis}} bdb {{bdb}}",
              "refId": "A",
              "step": 1200
            },
            {
              "expr": "redis_aof_rewrite_in_progress{cluster=\"$cluster\", node=\"$node\"}!=0",
              "format": "time_series",
              "hide": false,
              "interval": "",
              "intervalFactor": 2,
              "legendFormat": "AOFRW {{redis}} bdb {{bdb}}",
              "refId": "B",
              "step": 1200
            }
          ],
          "thresholds": [],
          "timeFrom": null,
          "timeShift": null,
          "title": "forks",
          "tooltip": {
            "shared": true,
            "sort": 0,
            "value_type": "individual"
          },
          "type": "graph",
          "xaxis": {
            "buckets": null,
            "mode": "time",
            "name": null,
            "show": true,
            "values": []
          },
          "yaxes": [
            {
              "format": "none",
              "label": "",
              "logBase": 1,
              "max": null,
              "min": "0",
              "show": true
            },
            {
              "format": "short",
              "label": null,
              "logBase": 1,
              "max": null,
              "min": null,
              "show": false
            }
          ]
        },
        {
          "aliasColors": {},
          "bars": true,
          "dashLength": 10,
          "dashes": false,
          "datasource": "${DS_PROMETHEUS1}",
          "fill": 5,
          "id": 23,
          "legend": {
            "alignAsTable": true,
            "avg": false,
            "current": false,
            "max": false,
            "min": false,
            "rightSide": true,
            "show": false,
            "total": false,
            "values": false
          },
          "lines": true,
          "linewidth": 1,
          "links": [],
          "nullPointMode": "null",
          "percentage": false,
          "pointradius": 5,
          "points": false,
          "renderer": "flot",
          "seriesOverrides": [],
          "spaceLength": 10,
          "span": 6,
          "stack": true,
          "steppedLine": false,
          "targets": [
            {
              "expr": "delta(redis_aof_rewrites{cluster=\"$cluster\", node=\"$node\"}[$aggregation]) !=0",
              "format": "time_series",
              "hide": false,
              "interval": "",
              "intervalFactor": 2,
              "legendFormat": "Redis {{redis}} bdb {{bdb}}",
              "refId": "A",
              "step": 1200
            }
          ],
          "thresholds": [],
          "timeFrom": null,
          "timeShift": null,
          "title": "Shard AOF Rewrites / $aggregation",
          "tooltip": {
            "shared": true,
            "sort": 0,
            "value_type": "individual"
          },
          "type": "graph",
          "xaxis": {
            "buckets": null,
            "mode": "time",
            "name": null,
            "show": true,
            "values": []
          },
          "yaxes": [
            {
              "format": "none",
              "label": null,
              "logBase": 1,
              "max": null,
              "min": "0",
              "show": true
            },
            {
              "format": "short",
              "label": null,
              "logBase": 1,
              "max": null,
              "min": null,
              "show": false
            }
          ]
        },
        {
          "aliasColors": {},
          "bars": false,
          "dashLength": 10,
          "dashes": false,
          "datasource": "${DS_PROMETHEUS1}",
          "fill": 6,
          "id": 24,
          "legend": {
            "alignAsTable": true,
            "avg": false,
            "current": false,
            "max": false,
            "min": false,
            "rightSide": true,
            "show": false,
            "total": false,
            "values": false
          },
          "lines": true,
          "linewidth": 1,
          "links": [],
          "nullPointMode": "null",
          "percentage": false,
          "pointradius": 5,
          "points": false,
          "renderer": "flot",
          "seriesOverrides": [],
          "spaceLength": 10,
          "span": 6,
          "stack": false,
          "steppedLine": false,
          "targets": [
            {
              "expr": "sum(delta(redis_aof_delayed_fsync{node=\"$node\",cluster=\"$cluster\"}[$aggregation]))",
              "format": "time_series",
              "hide": false,
              "interval": "",
              "intervalFactor": 2,
              "legendFormat": "delayed fsync",
              "refId": "A",
              "step": 1200
            }
          ],
          "thresholds": [],
          "timeFrom": null,
          "timeShift": null,
          "title": "delayed fsync - (events / $aggregation)",
          "tooltip": {
            "shared": true,
            "sort": 0,
            "value_type": "individual"
          },
          "type": "graph",
          "xaxis": {
            "buckets": null,
            "mode": "time",
            "name": null,
            "show": true,
            "values": []
          },
          "yaxes": [
            {
              "format": "none",
              "label": null,
              "logBase": 1,
              "max": null,
              "min": null,
              "show": true
            },
            {
              "format": "short",
              "label": null,
              "logBase": 1,
              "max": null,
              "min": null,
              "show": true
            }
          ]
        }
      ],
      "repeat": null,
      "repeatIteration": null,
      "repeatRowId": null,
      "showTitle": false,
      "title": "Dashboard Row",
      "titleSize": "h6"
    },
    {
      "collapse": true,
      "height": 250,
      "panels": [
        {
          "aliasColors": {},
          "bars": false,
          "dashLength": 10,
          "dashes": false,
          "datasource": "${DS_PROMETHEUS1}",
          "fill": 1,
          "id": 20,
          "legend": {
            "alignAsTable": true,
            "avg": false,
            "current": false,
            "max": false,
            "min": false,
            "show": true,
            "total": false,
            "values": false
          },
          "lines": true,
          "linewidth": 1,
          "links": [],
          "nullPointMode": "null",
          "percentage": false,
          "pointradius": 5,
          "points": false,
          "renderer": "flot",
          "seriesOverrides": [],
          "spaceLength": 10,
          "span": 3,
          "stack": false,
          "steppedLine": false,
          "targets": [
            {
              "expr": "node_flash_write_throughput{cluster=\"$cluster\", node=\"$node\"}",
              "format": "time_series",
              "intervalFactor": 2,
              "legendFormat": "node_flash_write_throughput on node:{{node}}",
              "refId": "A",
              "step": 240
            },
            {
              "expr": "node_flash_read_throughput{cluster=\"$cluster\", node=\"$node\"}",
              "format": "time_series",
              "intervalFactor": 2,
              "legendFormat": "node_flash_read_throughput on node:{{node}}",
              "refId": "B",
              "step": 240
            }
          ],
          "thresholds": [],
          "timeFrom": null,
          "timeShift": null,
          "title": "Node BIGSTORE throughput",
          "tooltip": {
            "shared": true,
            "sort": 0,
            "value_type": "individual"
          },
          "type": "graph",
          "xaxis": {
            "buckets": null,
            "mode": "time",
            "name": null,
            "show": true,
            "values": []
          },
          "yaxes": [
            {
              "format": "short",
              "label": null,
              "logBase": 1,
              "max": null,
              "min": null,
              "show": true
            },
            {
              "format": "short",
              "label": null,
              "logBase": 1,
              "max": null,
              "min": null,
              "show": true
            }
          ]
        },
        {
          "aliasColors": {},
          "bars": false,
          "dashLength": 10,
          "dashes": false,
          "datasource": "${DS_PROMETHEUS1}",
          "fill": 1,
          "id": 18,
          "legend": {
            "alignAsTable": true,
            "avg": false,
            "current": false,
            "max": false,
            "min": false,
            "show": true,
            "total": false,
            "values": false
          },
          "lines": true,
          "linewidth": 1,
          "links": [],
          "nullPointMode": "null",
          "percentage": false,
          "pointradius": 5,
          "points": false,
          "renderer": "flot",
          "seriesOverrides": [],
          "spaceLength": 10,
          "span": 3,
          "stack": false,
          "steppedLine": false,
          "targets": [
            {
              "expr": "node_flash_read_iops{cluster=\"$cluster\", node=\"$node\"}",
              "format": "time_series",
              "intervalFactor": 2,
              "legendFormat": "node_flash_read_iops on node:{{node}}",
              "metric": "node_flash_read_iops",
              "refId": "A",
              "step": 240
            },
            {
              "expr": "node_flash_write_iops{cluster=\"$cluster\", node=\"$node\"}",
              "format": "time_series",
              "intervalFactor": 2,
              "legendFormat": "node_flash_write_iops on node:{{node}}",
              "refId": "B",
              "step": 240
            }
          ],
          "thresholds": [],
          "timeFrom": null,
          "timeShift": null,
          "title": "Node BIGSTORE IOPS",
          "tooltip": {
            "shared": true,
            "sort": 0,
            "value_type": "individual"
          },
          "type": "graph",
          "xaxis": {
            "buckets": null,
            "mode": "time",
            "name": null,
            "show": true,
            "values": []
          },
          "yaxes": [
            {
              "format": "short",
              "label": null,
              "logBase": 1,
              "max": null,
              "min": null,
              "show": true
            },
            {
              "format": "short",
              "label": null,
              "logBase": 1,
              "max": null,
              "min": null,
              "show": true
            }
          ]
        },
        {
          "aliasColors": {},
          "bars": false,
          "dashLength": 10,
          "dashes": false,
          "datasource": "${DS_PROMETHEUS1}",
          "fill": 1,
          "id": 21,
          "legend": {
            "alignAsTable": true,
            "avg": false,
            "current": false,
            "max": false,
            "min": false,
            "show": true,
            "total": false,
            "values": false
          },
          "lines": true,
          "linewidth": 1,
          "links": [],
          "nullPointMode": "null",
          "percentage": false,
          "pointradius": 5,
          "points": false,
          "renderer": "flot",
          "seriesOverrides": [],
          "spaceLength": 10,
          "span": 3,
          "stack": false,
          "steppedLine": false,
          "targets": [
            {
              "expr": "node_flash_write_time{cluster=\"$cluster\", node=\"$node\"} / 1000",
              "format": "time_series",
              "intervalFactor": 2,
              "legendFormat": "node_flash_write_time on node:{{node}}",
              "metric": "",
              "refId": "A",
              "step": 240
            },
            {
              "expr": " node_flash_read_time {cluster=\"$cluster\", node=\"$node\"} / 1000",
              "format": "time_series",
              "intervalFactor": 2,
              "legendFormat": "node_flash_read_time  on node:{{node}}",
              "refId": "B",
              "step": 240
            }
          ],
          "thresholds": [],
          "timeFrom": null,
          "timeShift": null,
          "title": "Node BIGSTORE wait time",
          "tooltip": {
            "shared": true,
            "sort": 0,
            "value_type": "individual"
          },
          "type": "graph",
          "xaxis": {
            "buckets": null,
            "mode": "time",
            "name": null,
            "show": true,
            "values": []
          },
          "yaxes": [
            {
              "format": "ms",
              "label": null,
              "logBase": 1,
              "max": null,
              "min": null,
              "show": true
            },
            {
              "format": "ms",
              "label": null,
              "logBase": 1,
              "max": null,
              "min": null,
              "show": true
            }
          ]
        },
        {
          "aliasColors": {},
          "bars": false,
          "dashLength": 10,
          "dashes": false,
          "datasource": "${DS_PROMETHEUS1}",
          "fill": 1,
          "id": 19,
          "legend": {
            "alignAsTable": true,
            "avg": false,
            "current": false,
            "max": false,
            "min": false,
            "show": true,
            "total": false,
            "values": false
          },
          "lines": true,
          "linewidth": 1,
          "links": [],
          "nullPointMode": "null",
          "percentage": false,
          "pointradius": 5,
          "points": false,
          "renderer": "flot",
          "seriesOverrides": [],
          "spaceLength": 10,
          "span": 3,
          "stack": false,
          "steppedLine": false,
          "targets": [
            {
              "expr": "node_bigstore_kv_ops{cluster=\"$cluster\", node=\"$node\"}",
              "format": "time_series",
              "intervalFactor": 2,
              "legendFormat": "node_bigstore_kv_ops on node:{{node}}",
              "metric": "",
              "refId": "A",
              "step": 240
            }
          ],
          "thresholds": [],
          "timeFrom": null,
          "timeShift": null,
          "title": "Node BIGSTORE KV",
          "tooltip": {
            "shared": true,
            "sort": 0,
            "value_type": "individual"
          },
          "type": "graph",
          "xaxis": {
            "buckets": null,
            "mode": "time",
            "name": null,
            "show": true,
            "values": []
          },
          "yaxes": [
            {
              "format": "short",
              "label": null,
              "logBase": 1,
              "max": null,
              "min": null,
              "show": true
            },
            {
              "format": "short",
              "label": null,
              "logBase": 1,
              "max": null,
              "min": null,
              "show": true
            }
          ]
        },
        {
          "aliasColors": {},
          "bars": false,
          "dashLength": 10,
          "dashes": false,
          "datasource": "${DS_PROMETHEUS1}",
          "fill": 1,
          "id": 31,
          "legend": {
            "alignAsTable": true,
            "avg": false,
            "current": false,
            "max": false,
            "min": false,
            "show": true,
            "total": false,
            "values": false
          },
          "lines": true,
          "linewidth": 1,
          "links": [],
          "nullPointMode": "null",
          "percentage": false,
          "pointradius": 5,
          "points": false,
          "renderer": "flot",
          "seriesOverrides": [],
          "spaceLength": 10,
          "span": 3,
          "stack": false,
          "steppedLine": false,
          "targets": [
            {
              "expr": "sum(redis_used_disk{cluster=\"$cluster\", node=\"$node\"})",
              "format": "time_series",
              "intervalFactor": 2,
              "legendFormat": "total used flash",
              "metric": "",
              "refId": "A",
              "step": 240
            },
            {
              "expr": "sum(redis_disk_allocation{cluster=\"$cluster\", node=\"$node\"})",
              "format": "time_series",
              "interval": "",
              "intervalFactor": 2,
              "legendFormat": "total flash allocation",
              "refId": "B",
              "step": 240
            },
            {
              "expr": "node_bigstore_free{cluster=\"$cluster\", node=\"$node\"}",
              "format": "time_series",
              "hide": true,
              "interval": "",
              "intervalFactor": 2,
              "legendFormat": "free flash",
              "refId": "C",
              "step": 240
            }
          ],
          "thresholds": [],
          "timeFrom": null,
          "timeShift": null,
          "title": "Node used flash",
          "tooltip": {
            "shared": true,
            "sort": 0,
            "value_type": "individual"
          },
          "type": "graph",
          "xaxis": {
            "buckets": null,
            "mode": "time",
            "name": null,
            "show": true,
            "values": []
          },
          "yaxes": [
            {
              "format": "bytes",
              "label": null,
              "logBase": 1,
              "max": null,
              "min": null,
              "show": true
            },
            {
              "format": "short",
              "label": null,
              "logBase": 1,
              "max": null,
              "min": null,
              "show": true
            }
          ]
        }
      ],
      "repeat": null,
      "repeatIteration": null,
      "repeatRowId": null,
      "showTitle": true,
      "title": "ROF metrics",
      "titleSize": "h6"
    }
  ],
  "schemaVersion": 14,
  "style": "dark",
  "tags": [
    "RLEC"
  ],
  "templating": {
    "list": [
      {
        "allValue": null,
        "current": {},
        "datasource": "${DS_PROMETHEUS1}",
        "hide": 0,
        "includeAll": false,
        "label": null,
        "multi": false,
        "name": "cluster",
        "options": [],
        "query": "label_values(node_up,cluster)",
        "refresh": 1,
        "regex": "",
        "sort": 0,
        "tagValuesQuery": "",
        "tags": [],
        "tagsQuery": "",
        "type": "query",
        "useTags": false
      },
      {
        "allValue": null,
        "current": {},
        "datasource": "${DS_PROMETHEUS1}",
        "hide": 0,
        "includeAll": false,
        "label": null,
        "multi": false,
        "name": "node",
        "options": [],
        "query": "label_values(node_up{cluster=\"$cluster\"}, node)",
        "refresh": 1,
        "regex": "",
        "sort": 3,
        "tagValuesQuery": "",
        "tags": [],
        "tagsQuery": "",
        "type": "query",
        "useTags": false
      },
      {
        "allValue": null,
        "current": {},
        "datasource": "${DS_PROMETHEUS1}",
        "hide": 2,
        "includeAll": false,
        "label": null,
        "multi": false,
        "name": "version",
        "options": [],
        "query": "label_values(node_up{cluster=\"$cluster\",node=\"$node\"}, cnm_version)",
        "refresh": 1,
        "regex": "",
        "sort": 0,
        "tagValuesQuery": "",
        "tags": [],
        "tagsQuery": "",
        "type": "query",
        "useTags": false
      },
      {
        "auto": true,
        "auto_count": 100,
        "auto_min": "1m",
        "current": {
          "selected": true,
          "text": "auto",
          "value": "$__auto_interval"
        },
        "hide": 0,
        "label": "interval aggregation",
        "name": "aggregation",
        "options": [
          {
            "selected": true,
            "text": "auto",
            "value": "$__auto_interval"
          },
          {
            "selected": false,
            "text": "1m",
            "value": "1m"
          },
          {
            "selected": false,
            "text": "10m",
            "value": "10m"
          },
          {
            "selected": false,
            "text": "30m",
            "value": "30m"
          },
          {
            "selected": false,
            "text": "1h",
            "value": "1h"
          },
          {
            "selected": false,
            "text": "6h",
            "value": "6h"
          },
          {
            "selected": false,
            "text": "12h",
            "value": "12h"
          },
          {
            "selected": false,
            "text": "1d",
            "value": "1d"
          },
          {
            "selected": false,
            "text": "7d",
            "value": "7d"
          },
          {
            "selected": false,
            "text": "14d",
            "value": "14d"
          },
          {
            "selected": false,
            "text": "30d",
            "value": "30d"
          }
        ],
        "query": "1m,10m,30m,1h,6h,12h,1d,7d,14d,30d",
        "refresh": 2,
        "type": "interval"
      }
    ]
  },
  "time": {
    "from": "now-7d",
    "to": "now"
  },
  "timepicker": {
    "refresh_intervals": [
      "5s",
      "10s",
      "30s",
      "1m",
      "5m",
      "15m",
      "30m",
      "1h",
      "2h",
      "1d"
    ],
    "time_options": [
      "5m",
      "15m",
      "1h",
      "6h",
      "12h",
      "24h",
      "2d",
      "7d",
      "30d"
    ]
  },
  "timezone": "utc",
  "title": "Node Dashboard",
  "version": 81
}
